time,x_diff,y_diff,theta_diff,x_ackermann,y_ackermann,theta_ackermann
0.000000,0.010000,0.000000,0.000000,0.010000,0.000000,0.000000
0.010000,0.020000,0.000000,0.000000,0.020000,0.000000,0.000000
0.020000,0.030000,0.000000,0.000000,0.030000,0.000000,0.000000
0.030000,0.040000,0.000000,0.000000,0.040000,0.000000,0.000000
0.040000,0.050000,0.000000,0.000000,0.050000,0.000000,0.000000
0.050000,0.060000,0.000000,0.000000,0.060000,0.000000,0.000000
0.060000,0.070000,0.000000,0.000000,0.070000,0.000000,0.000000
0.070000,0.080000,0.000000,0.000000,0.080000,0.000000,0.000000
0.080000,0.090000,0.000000,0.000000,0.090000,0.000000,0.000000
0.090000,0.100000,0.000000,0.000000,0.100000,0.000000,0.000000
0.100000,0.110000,0.000000,0.000000,0.110000,0.000000,0.000000
0.110000,0.120000,0.000000,0.000000,0.120000,0.000000,0.000000
0.120000,0.130000,0.000000,0.000000,0.130000,0.000000,0.000000
0.130000,0.140000,0.000000,0.000000,0.140000,0.000000,0.000000
0.140000,0.150000,0.000000,0.000000,0.150000,0.000000,0.000000
0.150000,0.160000,0.000000,0.000000,0.160000,0.000000,0.000000
0.160000,0.170000,0.000000,0.000000,0.170000,0.000000,0.000000
0.170000,0.180000,0.000000,0.000000,0.180000,0.000000,0.000000
0.180000,0.190000,0.000000,0.000000,0.190000,0.000000,0.000000
0.190000,0.200000,0.000000,0.000000,0.200000,0.000000,0.000000
0.200000,0.210000,0.000000,0.000000,0.210000,0.000000,0.000000
0.210000,0.220000,0.000000,0.000000,0.220000,0.000000,0.000000
0.220000,0.230000,0.000000,0.000000,0.230000,0.000000,0.000000
0.230000,0.240000,0.000000,0.000000,0.240000,0.000000,0.000000
0.240000,0.250000,0.000000,0.000000,0.250000,0.000000,0.000000
0.250000,0.260000,0.000000,0.000000,0.260000,0.000000,0.000000
0.260000,0.270000,0.000000,0.000000,0.270000,0.000000,0.000000
0.270000,0.280000,0.000000,0.000000,0.280000,0.000000,0.000000
0.280000,0.290000,0.000000,0.000000,0.290000,0.000000,0.000000
0.290000,0.300000,0.000000,0.000000,0.300000,0.000000,0.000000
0.300000,0.310000,0.000000,0.000000,0.310000,0.000000,0.000000
0.310000,0.320000,0.000000,0.000000,0.320000,0.000000,0.000000
0.320000,0.330000,0.000000,0.000000,0.330000,0.000000,0.000000
0.330000,0.340000,0.000000,0.000000,0.340000,0.000000,0.000000
0.340000,0.350000,0.000000,0.000000,0.350000,0.000000,0.000000
0.350000,0.360000,0.000000,0.000000,0.360000,0.000000,0.000000
0.360000,0.370000,0.000000,0.000000,0.370000,0.000000,0.000000
0.370000,0.380000,0.000000,0.000000,0.380000,0.000000,0.000000
0.380000,0.390000,0.000000,0.000000,0.390000,0.000000,0.000000
0.390000,0.400000,0.000000,0.000000,0.400000,0.000000,0.000000
0.400000,0.410000,0.000000,0.000000,0.410000,0.000000,0.000000
0.410000,0.420000,0.000000,0.000000,0.420000,0.000000,0.000000
0.420000,0.430000,0.000000,0.000000,0.430000,0.000000,0.000000
0.430000,0.440000,0.000000,0.000000,0.440000,0.000000,0.000000
0.440000,0.450000,0.000000,0.000000,0.450000,0.000000,0.000000
0.450000,0.460000,0.000000,0.000000,0.460000,0.000000,0.000000
0.460000,0.470000,0.000000,0.000000,0.470000,0.000000,0.000000
0.470000,0.480000,0.000000,0.000000,0.480000,0.000000,0.000000
0.480000,0.490000,0.000000,0.000000,0.490000,0.000000,0.000000
0.490000,0.500000,0.000000,0.000000,0.500000,0.000000,0.000000
0.500000,0.510000,0.000000,0.000000,0.510000,0.000000,0.000000
0.510000,0.520000,0.000000,0.000000,0.520000,0.000000,0.000000
0.520000,0.530000,0.000000,0.000000,0.530000,0.000000,0.000000
0.530000,0.540000,0.000000,0.000000,0.540000,0.000000,0.000000
0.540000,0.550000,0.000000,0.000000,0.550000,0.000000,0.000000
0.550000,0.560000,0.000000,0.000000,0.560000,0.000000,0.000000
0.560000,0.570000,0.000000,0.000000,0.570000,0.000000,0.000000
0.570000,0.580000,0.000000,0.000000,0.580000,0.000000,0.000000
0.580000,0.590000,0.000000,0.000000,0.590000,0.000000,0.000000
0.590000,0.600000,0.000000,0.000000,0.600000,0.000000,0.000000
0.600000,0.610000,0.000000,0.000000,0.610000,0.000000,0.000000
0.610000,0.620000,0.000000,0.000000,0.620000,0.000000,0.000000
0.620000,0.630000,0.000000,0.000000,0.630000,0.000000,0.000000
0.630000,0.640000,0.000000,0.000000,0.640000,0.000000,0.000000
0.640000,0.650000,0.000000,0.000000,0.650000,0.000000,0.000000
0.650000,0.660000,0.000000,0.000000,0.660000,0.000000,0.000000
0.660000,0.670000,0.000000,0.000000,0.670000,0.000000,0.000000
0.670000,0.680000,0.000000,0.000000,0.680000,0.000000,0.000000
0.680000,0.690000,0.000000,0.000000,0.690000,0.000000,0.000000
0.690000,0.700000,0.000000,0.000000,0.700000,0.000000,0.000000
0.700000,0.710000,0.000000,0.000000,0.710000,0.000000,0.000000
0.710000,0.720000,0.000000,0.000000,0.720000,0.000000,0.000000
0.720000,0.730000,0.000000,0.000000,0.730000,0.000000,0.000000
0.730000,0.740000,0.000000,0.000000,0.740000,0.000000,0.000000
0.740000,0.750000,0.000000,0.000000,0.750000,0.000000,0.000000
0.750000,0.760000,0.000000,0.000000,0.760000,0.000000,0.000000
0.760000,0.770000,0.000000,0.000000,0.770000,0.000000,0.000000
0.770000,0.780000,0.000000,0.000000,0.780000,0.000000,0.000000
0.780000,0.790000,0.000000,0.000000,0.790000,0.000000,0.000000
0.790000,0.800000,0.000000,0.000000,0.800000,0.000000,0.000000
0.800000,0.810000,0.000000,0.000000,0.810000,0.000000,0.000000
0.810000,0.820000,0.000000,0.000000,0.820000,0.000000,0.000000
0.820000,0.830000,0.000000,0.000000,0.830000,0.000000,0.000000
0.830000,0.840000,0.000000,0.000000,0.840000,0.000000,0.000000
0.840000,0.850000,0.000000,0.000000,0.850000,0.000000,0.000000
0.850000,0.860000,0.000000,0.000000,0.860000,0.000000,0.000000
0.860000,0.870000,0.000000,0.000000,0.870000,0.000000,0.000000
0.870000,0.880000,0.000000,0.000000,0.880000,0.000000,0.000000
0.880000,0.890000,0.000000,0.000000,0.890000,0.000000,0.000000
0.890000,0.900000,0.000000,0.000000,0.900000,0.000000,0.000000
0.900000,0.910000,0.000000,0.000000,0.910000,0.000000,0.000000
0.910000,0.920000,0.000000,0.000000,0.920000,0.000000,0.000000
0.920000,0.930000,0.000000,0.000000,0.930000,0.000000,0.000000
0.930000,0.940000,0.000000,0.000000,0.940000,0.000000,0.000000
0.940000,0.950000,0.000000,0.000000,0.950000,0.000000,0.000000
0.950000,0.960000,0.000000,0.000000,0.960000,0.000000,0.000000
0.960000,0.970000,0.000000,0.000000,0.970000,0.000000,0.000000
0.970000,0.980000,0.000000,0.000000,0.980000,0.000000,0.000000
0.980000,0.990000,0.000000,0.000000,0.990000,0.000000,0.000000
0.990000,1.000000,0.000000,0.000000,1.000000,0.000000,0.000000
1.000000,1.010000,0.000000,0.000000,1.010000,0.000000,0.000000
1.010000,1.020000,0.000000,0.000000,1.020000,0.000000,0.000000
1.020000,1.030000,0.000000,0.000000,1.030000,0.000000,0.000000
1.030000,1.040000,0.000000,0.000000,1.040000,0.000000,0.000000
1.040000,1.050000,0.000000,0.000000,1.050000,0.000000,0.000000
1.050000,1.060000,0.000000,0.000000,1.060000,0.000000,0.000000
1.060000,1.070000,0.000000,0.000000,1.070000,0.000000,0.000000
1.070000,1.080000,0.000000,0.000000,1.080000,0.000000,0.000000
1.080000,1.090000,0.000000,0.000000,1.090000,0.000000,0.000000
1.090000,1.100000,0.000000,0.000000,1.100000,0.000000,0.000000
1.100000,1.110000,0.000000,0.000000,1.110000,0.000000,0.000000
1.110000,1.120000,0.000000,0.000000,1.120000,0.000000,0.000000
1.120000,1.130000,0.000000,0.000000,1.130000,0.000000,0.000000
1.130000,1.140000,0.000000,0.000000,1.140000,0.000000,0.000000
1.140000,1.150000,0.000000,0.000000,1.150000,0.000000,0.000000
1.150000,1.160000,0.000000,0.000000,1.160000,0.000000,0.000000
1.160000,1.170000,0.000000,0.000000,1.170000,0.000000,0.000000
1.170000,1.180000,0.000000,0.000000,1.180000,0.000000,0.000000
1.180000,1.190000,0.000000,0.000000,1.190000,0.000000,0.000000
1.190000,1.200000,0.000000,0.000000,1.200000,0.000000,0.000000
1.200000,1.210000,0.000000,0.000000,1.210000,0.000000,0.000000
1.210000,1.220000,0.000000,0.000000,1.220000,0.000000,0.000000
1.220000,1.230000,0.000000,0.000000,1.230000,0.000000,0.000000
1.230000,1.240000,0.000000,0.000000,1.240000,0.000000,0.000000
1.240000,1.250000,0.000000,0.000000,1.250000,0.000000,0.000000
1.250000,1.260000,0.000000,0.000000,1.260000,0.000000,0.000000
1.260000,1.270000,0.000000,0.000000,1.270000,0.000000,0.000000
1.270000,1.280000,0.000000,0.000000,1.280000,0.000000,0.000000
1.280000,1.290000,0.000000,0.000000,1.290000,0.000000,0.000000
1.290000,1.300000,0.000000,0.000000,1.300000,0.000000,0.000000
1.300000,1.310000,0.000000,0.000000,1.310000,0.000000,0.000000
1.310000,1.320000,0.000000,0.000000,1.320000,0.000000,0.000000
1.320000,1.330000,0.000000,0.000000,1.330000,0.000000,0.000000
1.330000,1.340000,0.000000,0.000000,1.340000,0.000000,0.000000
1.340000,1.350000,0.000000,0.000000,1.350000,0.000000,0.000000
1.350000,1.360000,0.000000,0.000000,1.360000,0.000000,0.000000
1.360000,1.370000,0.000000,0.000000,1.370000,0.000000,0.000000
1.370000,1.380000,0.000000,0.000000,1.380000,0.000000,0.000000
1.380000,1.390000,0.000000,0.000000,1.390000,0.000000,0.000000
1.390000,1.400000,0.000000,0.000000,1.400000,0.000000,0.000000
1.400000,1.410000,0.000000,0.000000,1.410000,0.000000,0.000000
1.410000,1.420000,0.000000,0.000000,1.420000,0.000000,0.000000
1.420000,1.430000,0.000000,0.000000,1.430000,0.000000,0.000000
1.430000,1.440000,0.000000,0.000000,1.440000,0.000000,0.000000
1.440000,1.450000,0.000000,0.000000,1.450000,0.000000,0.000000
1.450000,1.460000,0.000000,0.000000,1.460000,0.000000,0.000000
1.460000,1.470000,0.000000,0.000000,1.470000,0.000000,0.000000
1.470000,1.480000,0.000000,0.000000,1.480000,0.000000,0.000000
1.480000,1.490000,0.000000,0.000000,1.490000,0.000000,0.000000
1.490000,1.500000,0.000000,0.000000,1.500000,0.000000,0.000000
1.500000,1.510000,0.000000,0.000000,1.510000,0.000000,0.000000
1.510000,1.520000,0.000000,0.000000,1.520000,0.000000,0.000000
1.520000,1.530000,0.000000,0.000000,1.530000,0.000000,0.000000
1.530000,1.540000,0.000000,0.000000,1.540000,0.000000,0.000000
1.540000,1.550000,0.000000,0.000000,1.550000,0.000000,0.000000
1.550000,1.560000,0.000000,0.000000,1.560000,0.000000,0.000000
1.560000,1.570000,0.000000,0.000000,1.570000,0.000000,0.000000
1.570000,1.580000,0.000000,0.000000,1.580000,0.000000,0.000000
1.580000,1.590000,0.000000,0.000000,1.590000,0.000000,0.000000
1.590000,1.600000,0.000000,0.000000,1.600000,0.000000,0.000000
1.600000,1.610000,0.000000,0.000000,1.610000,0.000000,0.000000
1.610000,1.620000,0.000000,0.000000,1.620000,0.000000,0.000000
1.620000,1.630000,0.000000,0.000000,1.630000,0.000000,0.000000
1.630000,1.640000,0.000000,0.000000,1.640000,0.000000,0.000000
1.640000,1.650000,0.000000,0.000000,1.650000,0.000000,0.000000
1.650000,1.660000,0.000000,0.000000,1.660000,0.000000,0.000000
1.660000,1.670000,0.000000,0.000000,1.670000,0.000000,0.000000
1.670000,1.680000,0.000000,0.000000,1.680000,0.000000,0.000000
1.680000,1.690000,0.000000,0.000000,1.690000,0.000000,0.000000
1.690000,1.700000,0.000000,0.000000,1.700000,0.000000,0.000000
1.700000,1.710000,0.000000,0.000000,1.710000,0.000000,0.000000
1.710000,1.720000,0.000000,0.000000,1.720000,0.000000,0.000000
1.720000,1.730000,0.000000,0.000000,1.730000,0.000000,0.000000
1.730000,1.740000,0.000000,0.000000,1.740000,0.000000,0.000000
1.740000,1.750000,0.000000,0.000000,1.750000,0.000000,0.000000
1.750000,1.760000,0.000000,0.000000,1.760000,0.000000,0.000000
1.760000,1.770000,0.000000,0.000000,1.770000,0.000000,0.000000
1.770000,1.780000,0.000000,0.000000,1.780000,0.000000,0.000000
1.780000,1.790000,0.000000,0.000000,1.790000,0.000000,0.000000
1.790000,1.800000,0.000000,0.000000,1.800000,0.000000,0.000000
1.800000,1.810000,0.000000,0.000000,1.810000,0.000000,0.000000
1.810000,1.820000,0.000000,0.000000,1.820000,0.000000,0.000000
1.820000,1.830000,0.000000,0.000000,1.830000,0.000000,0.000000
1.830000,1.840000,0.000000,0.000000,1.840000,0.000000,0.000000
1.840000,1.850000,0.000000,0.000000,1.850000,0.000000,0.000000
1.850000,1.860000,0.000000,0.000000,1.860000,0.000000,0.000000
1.860000,1.870000,0.000000,0.000000,1.870000,0.000000,0.000000
1.870000,1.880000,0.000000,0.000000,1.880000,0.000000,0.000000
1.880000,1.890000,0.000000,0.000000,1.890000,0.000000,0.000000
1.890000,1.900000,0.000000,0.000000,1.900000,0.000000,0.000000
1.900000,1.910000,0.000000,0.000000,1.910000,0.000000,0.000000
1.910000,1.920000,0.000000,0.000000,1.920000,0.000000,0.000000
1.920000,1.930000,0.000000,0.000000,1.930000,0.000000,0.000000
1.930000,1.940000,0.000000,0.000000,1.940000,0.000000,0.000000
1.940000,1.950000,0.000000,0.000000,1.950000,0.000000,0.000000
1.950000,1.960000,0.000000,0.000000,1.960000,0.000000,0.000000
1.960000,1.970000,0.000000,0.000000,1.970000,0.000000,0.000000
1.970000,1.980000,0.000000,0.000000,1.980000,0.000000,0.000000
1.980000,1.990000,0.000000,0.000000,1.990000,0.000000,0.000000
1.990000,2.000000,0.000000,0.000000,2.000000,0.000000,0.000000
2.000000,2.010000,0.000000,0.001460,2.010000,0.000000,0.001460
2.010000,2.020000,0.000015,0.002920,2.020000,0.000015,0.002920
2.020000,2.030000,0.000044,0.004380,2.030000,0.000044,0.004380
2.030000,2.040000,0.000088,0.005840,2.040000,0.000088,0.005840
2.040000,2.050000,0.000146,0.007301,2.050000,0.000146,0.007301
2.050000,2.059999,0.000219,0.008761,2.059999,0.000219,0.008761
2.060000,2.069999,0.000307,0.010221,2.069999,0.000307,0.010221
2.070000,2.079999,0.000409,0.011681,2.079999,0.000409,0.011681
2.080000,2.089998,0.000526,0.013141,2.089998,0.000526,0.013141
2.090000,2.099997,0.000657,0.014601,2.099997,0.000657,0.014601
2.100000,2.109996,0.000803,0.016061,2.109996,0.000803,0.016061
2.110000,2.119995,0.000964,0.017521,2.119995,0.000964,0.017521
2.120000,2.129993,0.001139,0.018981,2.129993,0.001139,0.018981
2.130000,2.139991,0.001329,0.020442,2.139991,0.001329,0.020442
2.140000,2.149989,0.001533,0.021902,2.149989,0.001533,0.021902
2.150000,2.159987,0.001752,0.023362,2.159987,0.001752,0.023362
2.160000,2.169984,0.001986,0.024822,2.169984,0.001986,0.024822
2.170000,2.179981,0.002234,0.026282,2.179981,0.002234,0.026282
2.180000,2.189978,0.002497,0.027742,2.189978,0.002497,0.027742
2.190000,2.199974,0.002774,0.029202,2.199974,0.002774,0.029202
2.200000,2.209969,0.003066,0.030662,2.209969,0.003066,0.030662
2.210000,2.219965,0.003373,0.032123,2.219965,0.003373,0.032123
2.220000,2.229960,0.003694,0.033583,2.229960,0.003694,0.033583
2.230000,2.239954,0.004030,0.035043,2.239954,0.004030,0.035043
2.240000,2.249948,0.004380,0.036503,2.249948,0.004380,0.036503
2.250000,2.259941,0.004745,0.037963,2.259941,0.004745,0.037963
2.260000,2.269934,0.005124,0.039423,2.269934,0.005124,0.039423
2.270000,2.279926,0.005518,0.040883,2.279926,0.005518,0.040883
2.280000,2.289918,0.005927,0.042343,2.289918,0.005927,0.042343
2.290000,2.299909,0.006351,0.043803,2.299909,0.006351,0.043803
2.300000,2.309899,0.006788,0.045264,2.309899,0.006788,0.045264
2.310000,2.319889,0.007241,0.046724,2.319889,0.007241,0.046724
2.320000,2.329878,0.007708,0.048184,2.329878,0.007708,0.048184
2.330000,2.339866,0.008190,0.049644,2.339866,0.008190,0.049644
2.340000,2.349854,0.008686,0.051104,2.349854,0.008686,0.051104
2.350000,2.359841,0.009197,0.052564,2.359841,0.009197,0.052564
2.360000,2.369827,0.009722,0.054024,2.369827,0.009722,0.054024
2.370000,2.379813,0.010262,0.055484,2.379813,0.010262,0.055484
2.380000,2.389797,0.010817,0.056944,2.389797,0.010817,0.056944
2.390000,2.399781,0.011386,0.058405,2.399781,0.011386,0.058405
2.400000,2.409764,0.011969,0.059865,2.409764,0.011969,0.059865
2.410000,2.419746,0.012568,0.061325,2.419746,0.012568,0.061325
2.420000,2.429727,0.013181,0.062785,2.429727,0.013181,0.062785
2.430000,2.439708,0.013808,0.064245,2.439708,0.013808,0.064245
2.440000,2.449687,0.014450,0.065705,2.449687,0.014450,0.065705
2.450000,2.459665,0.015107,0.067165,2.459665,0.015107,0.067165
2.460000,2.469643,0.015778,0.068625,2.469643,0.015778,0.068625
2.470000,2.479619,0.016463,0.070085,2.479619,0.016463,0.070085
2.480000,2.489595,0.017164,0.071546,2.489595,0.017164,0.071546
2.490000,2.499569,0.017879,0.073006,2.499569,0.017879,0.073006
2.500000,2.509543,0.018608,0.074466,2.509543,0.018608,0.074466
2.510000,2.519515,0.019352,0.075926,2.519515,0.019352,0.075926
2.520000,2.529486,0.020111,0.077386,2.529486,0.020111,0.077386
2.530000,2.539456,0.020884,0.078846,2.539456,0.020884,0.078846
2.540000,2.549425,0.021671,0.080306,2.549425,0.021671,0.080306
2.550000,2.559393,0.022473,0.081766,2.559393,0.022473,0.081766
2.560000,2.569359,0.023290,0.083226,2.569359,0.023290,0.083226
2.570000,2.579325,0.024122,0.084687,2.579325,0.024122,0.084687
2.580000,2.589289,0.024967,0.086147,2.589289,0.024967,0.086147
2.590000,2.599252,0.025828,0.087607,2.599252,0.025828,0.087607
2.600000,2.609214,0.026703,0.089067,2.609214,0.026703,0.089067
2.610000,2.619174,0.027592,0.090527,2.619174,0.027592,0.090527
2.620000,2.629133,0.028496,0.091987,2.629133,0.028496,0.091987
2.630000,2.639091,0.029415,0.093447,2.639091,0.029415,0.093447
2.640000,2.649047,0.030348,0.094907,2.649047,0.030348,0.094907
2.650000,2.659002,0.031296,0.096368,2.659002,0.031296,0.096368
2.660000,2.668956,0.032258,0.097828,2.668956,0.032258,0.097828
2.670000,2.678908,0.033234,0.099288,2.678908,0.033234,0.099288
2.680000,2.688859,0.034226,0.100748,2.688859,0.034226,0.100748
2.690000,2.698808,0.035232,0.102208,2.698808,0.035232,0.102208
2.700000,2.708756,0.036252,0.103668,2.708756,0.036252,0.103668
2.710000,2.718702,0.037287,0.105128,2.718702,0.037287,0.105128
2.720000,2.728647,0.038336,0.106588,2.728647,0.038336,0.106588
2.730000,2.738590,0.039400,0.108048,2.738590,0.039400,0.108048
2.740000,2.748532,0.040478,0.109509,2.748532,0.040478,0.109509
2.750000,2.758472,0.041571,0.110969,2.758472,0.041571,0.110969
2.760000,2.768410,0.042679,0.112429,2.768410,0.042679,0.112429
2.770000,2.778347,0.043800,0.113889,2.778347,0.043800,0.113889
2.780000,2.788282,0.044937,0.115349,2.788282,0.044937,0.115349
2.790000,2.798216,0.046088,0.116809,2.798216,0.046088,0.116809
2.800000,2.808148,0.047253,0.118269,2.808148,0.047253,0.118269
2.810000,2.818078,0.048433,0.119729,2.818078,0.048433,0.119729
2.820000,2.828006,0.049628,0.121189,2.828006,0.049628,0.121189
2.830000,2.837933,0.050837,0.122650,2.837933,0.050837,0.122650
2.840000,2.847858,0.052060,0.124110,2.847858,0.052060,0.124110
2.850000,2.857781,0.053298,0.125570,2.857781,0.053298,0.125570
2.860000,2.867702,0.054550,0.127030,2.867702,0.054550,0.127030
2.870000,2.877622,0.055817,0.128490,2.877622,0.055817,0.128490
2.880000,2.887539,0.057099,0.129950,2.887539,0.057099,0.129950
2.890000,2.897455,0.058394,0.131410,2.897455,0.058394,0.131410
2.900000,2.907369,0.059705,0.132870,2.907369,0.059705,0.132870
2.910000,2.917281,0.061030,0.134330,2.917281,0.061030,0.134330
2.920000,2.927190,0.062369,0.135791,2.927190,0.062369,0.135791
2.930000,2.937098,0.063723,0.137251,2.937098,0.063723,0.137251
2.940000,2.947004,0.065091,0.138711,2.947004,0.065091,0.138711
2.950000,2.956908,0.066473,0.140171,2.956908,0.066473,0.140171
2.960000,2.966810,0.067871,0.141631,2.966810,0.067871,0.141631
2.970000,2.976710,0.069282,0.143091,2.976710,0.069282,0.143091
2.980000,2.986608,0.070708,0.144551,2.986608,0.070708,0.144551
2.990000,2.996504,0.072149,0.146011,2.996504,0.072149,0.146011
3.000000,3.006397,0.073604,0.147472,3.006397,0.073604,0.147472
3.010000,3.016289,0.075073,0.148932,3.016289,0.075073,0.148932
3.020000,3.026178,0.076557,0.150392,3.026178,0.076557,0.150392
3.030000,3.036065,0.078055,0.151852,3.036065,0.078055,0.151852
3.040000,3.045950,0.079568,0.153312,3.045950,0.079568,0.153312
3.050000,3.055833,0.081095,0.154772,3.055833,0.081095,0.154772
3.060000,3.065713,0.082636,0.156232,3.065713,0.082636,0.156232
3.070000,3.075591,0.084192,0.157692,3.075591,0.084192,0.157692
3.080000,3.085467,0.085763,0.159152,3.085467,0.085763,0.159152
3.090000,3.095341,0.087348,0.160613,3.095341,0.087348,0.160613
3.100000,3.105212,0.088947,0.162073,3.105212,0.088947,0.162073
3.110000,3.115081,0.090560,0.163533,3.115081,0.090560,0.163533
3.120000,3.124948,0.092188,0.164993,3.124948,0.092188,0.164993
3.130000,3.134812,0.093831,0.166453,3.134812,0.093831,0.166453
3.140000,3.144674,0.095488,0.167913,3.144674,0.095488,0.167913
3.150000,3.154533,0.097159,0.169373,3.154533,0.097159,0.169373
3.160000,3.164390,0.098845,0.170833,3.164390,0.098845,0.170833
3.170000,3.174244,0.100545,0.172293,3.174244,0.100545,0.172293
3.180000,3.184096,0.102259,0.173754,3.184096,0.102259,0.173754
3.190000,3.193946,0.103988,0.175214,3.193946,0.103988,0.175214
3.200000,3.203793,0.105731,0.176674,3.203793,0.105731,0.176674
3.210000,3.213637,0.107489,0.178134,3.213637,0.107489,0.178134
3.220000,3.223479,0.109261,0.179594,3.223479,0.109261,0.179594
3.230000,3.233318,0.111047,0.181054,3.233318,0.111047,0.181054
3.240000,3.243154,0.112848,0.182514,3.243154,0.112848,0.182514
3.250000,3.252988,0.114663,0.183974,3.252988,0.114663,0.183974
3.260000,3.262820,0.116492,0.185434,3.262820,0.116492,0.185434
3.270000,3.272648,0.118336,0.186895,3.272648,0.118336,0.186895
3.280000,3.282474,0.120194,0.188355,3.282474,0.120194,0.188355
3.290000,3.292297,0.122066,0.189815,3.292297,0.122066,0.189815
3.300000,3.302118,0.123953,0.191275,3.302118,0.123953,0.191275
3.310000,3.311935,0.125854,0.192735,3.311935,0.125854,0.192735
3.320000,3.321750,0.127770,0.194195,3.321750,0.127770,0.194195
3.330000,3.331562,0.129699,0.195655,3.331562,0.129699,0.195655
3.340000,3.341371,0.131643,0.197115,3.341371,0.131643,0.197115
3.350000,3.351178,0.133602,0.198576,3.351178,0.133602,0.198576
3.360000,3.360981,0.135575,0.200036,3.360981,0.135575,0.200036
3.370000,3.370782,0.137562,0.201496,3.370782,0.137562,0.201496
3.380000,3.380579,0.139563,0.202956,3.380579,0.139563,0.202956
3.390000,3.390374,0.141579,0.204416,3.390374,0.141579,0.204416
3.400000,3.400166,0.143609,0.205876,3.400166,0.143609,0.205876
3.410000,3.409955,0.145653,0.207336,3.409955,0.145653,0.207336
3.420000,3.419741,0.147711,0.208796,3.419741,0.147711,0.208796
3.430000,3.429523,0.149784,0.210256,3.429523,0.149784,0.210256
3.440000,3.439303,0.151871,0.211717,3.439303,0.151871,0.211717
3.450000,3.449080,0.153973,0.213177,3.449080,0.153973,0.213177
3.460000,3.458854,0.156088,0.214637,3.458854,0.156088,0.214637
3.470000,3.468624,0.158218,0.216097,3.468624,0.158218,0.216097
3.480000,3.478392,0.160362,0.217557,3.478392,0.160362,0.217557
3.490000,3.488156,0.162521,0.219017,3.488156,0.162521,0.219017
3.500000,3.497917,0.164694,0.220477,3.497917,0.164694,0.220477
3.510000,3.507675,0.166881,0.221937,3.507675,0.166881,0.221937
3.520000,3.517430,0.169082,0.223397,3.517430,0.169082,0.223397
3.530000,3.527181,0.171297,0.224858,3.527181,0.171297,0.224858
3.540000,3.536929,0.173527,0.226318,3.536929,0.173527,0.226318
3.550000,3.546674,0.175771,0.227778,3.546674,0.175771,0.227778
3.560000,3.556416,0.178029,0.229238,3.556416,0.178029,0.229238
3.570000,3.566154,0.180301,0.230698,3.566154,0.180301,0.230698
3.580000,3.575889,0.182588,0.232158,3.575889,0.182588,0.232158
3.590000,3.585621,0.184889,0.233618,3.585621,0.184889,0.233618
3.600000,3.595350,0.187204,0.235078,3.595350,0.187204,0.235078
3.610000,3.605075,0.189533,0.236538,3.605075,0.189533,0.236538
3.620000,3.614796,0.191876,0.237999,3.614796,0.191876,0.237999
3.630000,3.624514,0.194234,0.239459,3.624514,0.194234,0.239459
3.640000,3.634229,0.196606,0.240919,3.634229,0.196606,0.240919
3.650000,3.643940,0.198991,0.242379,3.643940,0.198991,0.242379
3.660000,3.653648,0.201392,0.243839,3.653648,0.201392,0.243839
3.670000,3.663352,0.203806,0.245299,3.663352,0.203806,0.245299
3.680000,3.673053,0.206234,0.246759,3.673053,0.206234,0.246759
3.690000,3.682750,0.208677,0.248219,3.682750,0.208677,0.248219
3.700000,3.692443,0.211134,0.249679,3.692443,0.211134,0.249679
3.710000,3.702133,0.213605,0.251140,3.702133,0.213605,0.251140
3.720000,3.711819,0.216090,0.252600,3.711819,0.216090,0.252600
3.730000,3.721502,0.218589,0.254060,3.721502,0.218589,0.254060
3.740000,3.731181,0.221102,0.255520,3.731181,0.221102,0.255520
3.750000,3.740856,0.223630,0.256980,3.740856,0.223630,0.256980
3.760000,3.750528,0.226171,0.258440,3.750528,0.226171,0.258440
3.770000,3.760196,0.228727,0.259900,3.760196,0.228727,0.259900
3.780000,3.769860,0.231297,0.261360,3.769860,0.231297,0.261360
3.790000,3.779520,0.233881,0.262821,3.779520,0.233881,0.262821
3.800000,3.789177,0.236479,0.264281,3.789177,0.236479,0.264281
3.810000,3.798830,0.239091,0.265741,3.798830,0.239091,0.265741
3.820000,3.808479,0.241717,0.267201,3.808479,0.241717,0.267201
3.830000,3.818124,0.244358,0.268661,3.818124,0.244358,0.268661
3.840000,3.827765,0.247012,0.270121,3.827765,0.247012,0.270121
3.850000,3.837403,0.249681,0.271581,3.837403,0.249681,0.271581
3.860000,3.847036,0.252363,0.273041,3.847036,0.252363,0.273041
3.870000,3.856666,0.255060,0.274501,3.856666,0.255060,0.274501
3.880000,3.866291,0.257770,0.275962,3.866291,0.257770,0.275962
3.890000,3.875913,0.260495,0.277422,3.875913,0.260495,0.277422
3.900000,3.885531,0.263234,0.278882,3.885531,0.263234,0.278882
3.910000,3.895144,0.265987,0.280342,3.895144,0.265987,0.280342
3.920000,3.904754,0.268754,0.281802,3.904754,0.268754,0.281802
3.930000,3.914359,0.271534,0.283262,3.914359,0.271534,0.283262
3.940000,3.923961,0.274329,0.284722,3.923961,0.274329,0.284722
3.950000,3.933558,0.277138,0.286182,3.933558,0.277138,0.286182
3.960000,3.943152,0.279961,0.287642,3.943152,0.279961,0.287642
3.970000,3.952741,0.282798,0.289103,3.952741,0.282798,0.289103
3.980000,3.962326,0.285649,0.290563,3.962326,0.285649,0.290563
3.990000,3.971907,0.288514,0.292023,3.971907,0.288514,0.292023
4.000000,3.981483,0.291393,0.293483,3.981483,0.291393,0.293483
4.010000,3.991056,0.294286,0.294943,3.991056,0.294286,0.294943
4.020000,4.000624,0.297193,0.296403,4.000624,0.297193,0.296403
4.030000,4.010188,0.300113,0.297863,4.010188,0.300113,0.297863
4.040000,4.019747,0.303048,0.299323,4.019747,0.303048,0.299323
4.050000,4.029303,0.305997,0.300783,4.029303,0.305997,0.300783
4.060000,4.038854,0.308960,0.302244,4.038854,0.308960,0.302244
4.070000,4.048400,0.311936,0.303704,4.048400,0.311936,0.303704
4.080000,4.057943,0.314927,0.305164,4.057943,0.314927,0.305164
4.090000,4.067481,0.317931,0.306624,4.067481,0.317931,0.306624
4.100000,4.077014,0.320950,0.308084,4.077014,0.320950,0.308084
4.110000,4.086544,0.323982,0.309544,4.086544,0.323982,0.309544
4.120000,4.096068,0.327028,0.311004,4.096068,0.327028,0.311004
4.130000,4.105589,0.330088,0.312464,4.105589,0.330088,0.312464
4.140000,4.115104,0.333162,0.313925,4.115104,0.333162,0.313925
4.150000,4.124616,0.336250,0.315385,4.124616,0.336250,0.315385
4.160000,4.134122,0.339352,0.316845,4.134122,0.339352,0.316845
4.170000,4.143625,0.342468,0.318305,4.143625,0.342468,0.318305
4.180000,4.153122,0.345598,0.319765,4.153122,0.345598,0.319765
4.190000,4.162615,0.348741,0.321225,4.162615,0.348741,0.321225
4.200000,4.172104,0.351898,0.322685,4.172104,0.351898,0.322685
4.210000,4.181588,0.355069,0.324145,4.181588,0.355069,0.324145
4.220000,4.191067,0.358254,0.325605,4.191067,0.358254,0.325605
4.230000,4.200542,0.361453,0.327066,4.200542,0.361453,0.327066
4.240000,4.210011,0.364666,0.328526,4.210011,0.364666,0.328526
4.250000,4.219477,0.367892,0.329986,4.219477,0.367892,0.329986
4.260000,4.228937,0.371133,0.331446,4.228937,0.371133,0.331446
4.270000,4.238393,0.374387,0.332906,4.238393,0.374387,0.332906
4.280000,4.247844,0.377655,0.334366,4.247844,0.377655,0.334366
4.290000,4.257290,0.380936,0.335826,4.257290,0.380936,0.335826
4.300000,4.266731,0.384232,0.337286,4.266731,0.384232,0.337286
4.310000,4.276168,0.387541,0.338746,4.276168,0.387541,0.338746
4.320000,4.285600,0.390864,0.340207,4.285600,0.390864,0.340207
4.330000,4.295027,0.394201,0.341667,4.295027,0.394201,0.341667
4.340000,4.304448,0.397552,0.343127,4.304448,0.397552,0.343127
4.350000,4.313866,0.400916,0.344587,4.313866,0.400916,0.344587
4.360000,4.323278,0.404294,0.346047,4.323278,0.404294,0.346047
4.370000,4.332685,0.407686,0.347507,4.332685,0.407686,0.347507
4.380000,4.342087,0.411091,0.348967,4.342087,0.411091,0.348967
4.390000,4.351484,0.414511,0.350427,4.351484,0.414511,0.350427
4.400000,4.360877,0.417944,0.351887,4.360877,0.417944,0.351887
4.410000,4.370264,0.421390,0.353348,4.370264,0.421390,0.353348
4.420000,4.379646,0.424851,0.354808,4.379646,0.424851,0.354808
4.430000,4.389023,0.428325,0.356268,4.389023,0.428325,0.356268
4.440000,4.398395,0.431813,0.357728,4.398395,0.431813,0.357728
4.450000,4.407762,0.435314,0.359188,4.407762,0.435314,0.359188
4.460000,4.417124,0.438829,0.360648,4.417124,0.438829,0.360648
4.470000,4.426481,0.442358,0.362108,4.426481,0.442358,0.362108
4.480000,4.435832,0.445900,0.363568,4.435832,0.445900,0.363568
4.490000,4.445179,0.449457,0.365028,4.445179,0.449457,0.365028
4.500000,4.454520,0.453026,0.366489,4.454520,0.453026,0.366489
4.510000,4.463856,0.456610,0.367949,4.463856,0.456610,0.367949
4.520000,4.473186,0.460207,0.369409,4.473186,0.460207,0.369409
4.530000,4.482512,0.463817,0.370869,4.482512,0.463817,0.370869
4.540000,4.491832,0.467442,0.372329,4.491832,0.467442,0.372329
4.550000,4.501147,0.471080,0.373789,4.501147,0.471080,0.373789
4.560000,4.510456,0.474731,0.375249,4.510456,0.474731,0.375249
4.570000,4.519760,0.478396,0.376709,4.519760,0.478396,0.376709
4.580000,4.529059,0.482075,0.378170,4.529059,0.482075,0.378170
4.590000,4.538353,0.485767,0.379630,4.538353,0.485767,0.379630
4.600000,4.547641,0.489473,0.381090,4.547641,0.489473,0.381090
4.610000,4.556923,0.493192,0.382550,4.556923,0.493192,0.382550
4.620000,4.566200,0.496925,0.384010,4.566200,0.496925,0.384010
4.630000,4.575472,0.500671,0.385470,4.575472,0.500671,0.385470
4.640000,4.584738,0.504431,0.386930,4.584738,0.504431,0.386930
4.650000,4.593999,0.508205,0.388390,4.593999,0.508205,0.388390
4.660000,4.603254,0.511992,0.389850,4.603254,0.511992,0.389850
4.670000,4.612504,0.515792,0.391311,4.612504,0.515792,0.391311
4.680000,4.621748,0.519606,0.392771,4.621748,0.519606,0.392771
4.690000,4.630986,0.523434,0.394231,4.630986,0.523434,0.394231
4.700000,4.640219,0.527275,0.395691,4.640219,0.527275,0.395691
4.710000,4.649447,0.531129,0.397151,4.649447,0.531129,0.397151
4.720000,4.658668,0.534997,0.398611,4.658668,0.534997,0.398611
4.730000,4.667884,0.538878,0.400071,4.667884,0.538878,0.400071
4.740000,4.677095,0.542773,0.401531,4.677095,0.542773,0.401531
4.750000,4.686299,0.546682,0.402991,4.686299,0.546682,0.402991
4.760000,4.695498,0.550603,0.404452,4.695498,0.550603,0.404452
4.770000,4.704691,0.554538,0.405912,4.704691,0.554538,0.405912
4.780000,4.713879,0.558487,0.407372,4.713879,0.558487,0.407372
4.790000,4.723061,0.562449,0.408832,4.723061,0.562449,0.408832
4.800000,4.732236,0.566424,0.410292,4.732236,0.566424,0.410292
4.810000,4.741406,0.570413,0.411752,4.741406,0.570413,0.411752
4.820000,4.750571,0.574415,0.413212,4.750571,0.574415,0.413212
4.830000,4.759729,0.578431,0.414672,4.759729,0.578431,0.414672
4.840000,4.768881,0.582460,0.416132,4.768881,0.582460,0.416132
4.850000,4.778028,0.586502,0.417593,4.778028,0.586502,0.417593
4.860000,4.787169,0.590558,0.419053,4.787169,0.590558,0.419053
4.870000,4.796304,0.594626,0.420513,4.796304,0.594626,0.420513
4.880000,4.805432,0.598709,0.421973,4.805432,0.598709,0.421973
4.890000,4.814555,0.602804,0.423433,4.814555,0.602804,0.423433
4.900000,4.823672,0.606913,0.424893,4.823672,0.606913,0.424893
4.910000,4.832783,0.611036,0.426353,4.832783,0.611036,0.426353
4.920000,4.841888,0.615171,0.427813,4.841888,0.615171,0.427813
4.930000,4.850986,0.619320,0.429274,4.850986,0.619320,0.429274
4.940000,4.860079,0.623482,0.430734,4.860079,0.623482,0.430734
4.950000,4.869166,0.627657,0.432194,4.869166,0.627657,0.432194
4.960000,4.878246,0.631846,0.433654,4.878246,0.631846,0.433654
4.970000,4.887320,0.636048,0.435114,4.887320,0.636048,0.435114
4.980000,4.896389,0.640263,0.436574,4.896389,0.640263,0.436574
4.990000,4.905451,0.644491,0.438034,4.905451,0.644491,0.438034
5.000000,4.914507,0.648733,0.436574,4.914507,0.648733,0.436574
5.010000,4.923569,0.652961,0.435114,4.923569,0.652961,0.435114
5.020000,4.932637,0.657177,0.433654,4.932637,0.657177,0.433654
5.030000,4.941711,0.661378,0.432194,4.941711,0.661378,0.432194
5.040000,4.950792,0.665567,0.430734,4.950792,0.665567,0.430734
5.050000,4.959878,0.669742,0.429274,4.959878,0.669742,0.429274
5.060000,4.968971,0.673905,0.427813,4.968971,0.673905,0.427813
5.070000,4.978070,0.678053,0.426353,4.978070,0.678053,0.426353
5.080000,4.987175,0.682189,0.424893,4.987175,0.682189,0.424893
5.090000,4.996285,0.686311,0.423433,4.996285,0.686311,0.423433
5.100000,5.005402,0.690420,0.421973,5.005402,0.690420,0.421973
5.110000,5.014525,0.694516,0.420513,5.014525,0.694516,0.420513
5.120000,5.023654,0.698598,0.419053,5.023654,0.698598,0.419053
5.130000,5.032789,0.702667,0.417593,5.032789,0.702667,0.417593
5.140000,5.041929,0.706723,0.416132,5.041929,0.706723,0.416132
5.150000,5.051076,0.710765,0.414672,5.051076,0.710765,0.414672
5.160000,5.060228,0.714794,0.413212,5.060228,0.714794,0.413212
5.170000,5.069387,0.718809,0.411752,5.069387,0.718809,0.411752
5.180000,5.078551,0.722811,0.410292,5.078551,0.722811,0.410292
5.190000,5.087721,0.726800,0.408832,5.087721,0.726800,0.408832
5.200000,5.096897,0.730776,0.407372,5.096897,0.730776,0.407372
5.210000,5.106079,0.734737,0.405912,5.106079,0.734737,0.405912
5.220000,5.115266,0.738686,0.404452,5.115266,0.738686,0.404452
5.230000,5.124459,0.742621,0.402991,5.124459,0.742621,0.402991
5.240000,5.133658,0.746543,0.401531,5.133658,0.746543,0.401531
5.250000,5.142863,0.750451,0.400071,5.142863,0.750451,0.400071
5.260000,5.152073,0.754346,0.398611,5.152073,0.754346,0.398611
5.270000,5.161289,0.758227,0.397151,5.161289,0.758227,0.397151
5.280000,5.170511,0.762095,0.395691,5.170511,0.762095,0.395691
5.290000,5.179738,0.765950,0.394231,5.179738,0.765950,0.394231
5.300000,5.188971,0.769791,0.392771,5.188971,0.769791,0.392771
5.310000,5.198209,0.773618,0.391311,5.198209,0.773618,0.391311
5.320000,5.207454,0.777432,0.389850,5.207454,0.777432,0.389850
5.330000,5.216703,0.781233,0.388390,5.216703,0.781233,0.388390
5.340000,5.225958,0.785020,0.386930,5.225958,0.785020,0.386930
5.350000,5.235219,0.788793,0.385470,5.235219,0.788793,0.385470
5.360000,5.244485,0.792553,0.384010,5.244485,0.792553,0.384010
5.370000,5.253757,0.796300,0.382550,5.253757,0.796300,0.382550
5.380000,5.263034,0.800032,0.381090,5.263034,0.800032,0.381090
5.390000,5.272317,0.803752,0.379630,5.272317,0.803752,0.379630
5.400000,5.281605,0.807458,0.378170,5.281605,0.807458,0.378170
5.410000,5.290898,0.811150,0.376709,5.290898,0.811150,0.376709
5.420000,5.300197,0.814828,0.375249,5.300197,0.814828,0.375249
5.430000,5.309501,0.818493,0.373789,5.309501,0.818493,0.373789
5.440000,5.318811,0.822145,0.372329,5.318811,0.822145,0.372329
5.450000,5.328126,0.825783,0.370869,5.328126,0.825783,0.370869
5.460000,5.337446,0.829407,0.369409,5.337446,0.829407,0.369409
5.470000,5.346771,0.833018,0.367949,5.346771,0.833018,0.367949
5.480000,5.356102,0.836615,0.366489,5.356102,0.836615,0.366489
5.490000,5.365438,0.840198,0.365028,5.365438,0.840198,0.365028
5.500000,5.374779,0.843768,0.363568,5.374779,0.843768,0.363568
5.510000,5.384125,0.847324,0.362108,5.384125,0.847324,0.362108
5.520000,5.393477,0.850866,0.360648,5.393477,0.850866,0.360648
5.530000,5.402833,0.854395,0.359188,5.402833,0.854395,0.359188
5.540000,5.412195,0.857910,0.357728,5.412195,0.857910,0.357728
5.550000,5.421562,0.861412,0.356268,5.421562,0.861412,0.356268
5.560000,5.430934,0.864900,0.354808,5.430934,0.864900,0.354808
5.570000,5.440311,0.868374,0.353348,5.440311,0.868374,0.353348
5.580000,5.449693,0.871834,0.351887,5.449693,0.871834,0.351887
5.590000,5.459081,0.875281,0.350427,5.459081,0.875281,0.350427
5.600000,5.468473,0.878714,0.348967,5.468473,0.878714,0.348967
5.610000,5.477870,0.882133,0.347507,5.477870,0.882133,0.347507
5.620000,5.487272,0.885539,0.346047,5.487272,0.885539,0.346047
5.630000,5.496680,0.888930,0.344587,5.496680,0.888930,0.344587
5.640000,5.506092,0.892309,0.343127,5.506092,0.892309,0.343127
5.650000,5.515509,0.895673,0.341667,5.515509,0.895673,0.341667
5.660000,5.524931,0.899023,0.340207,5.524931,0.899023,0.340207
5.670000,5.534358,0.902360,0.338746,5.534358,0.902360,0.338746
5.680000,5.543789,0.905683,0.337286,5.543789,0.905683,0.337286
5.690000,5.553226,0.908993,0.335826,5.553226,0.908993,0.335826
5.700000,5.562667,0.912288,0.334366,5.562667,0.912288,0.334366
5.710000,5.572114,0.915570,0.332906,5.572114,0.915570,0.332906
5.720000,5.581565,0.918838,0.331446,5.581565,0.918838,0.331446
5.730000,5.591020,0.922092,0.329986,5.591020,0.922092,0.329986
5.740000,5.600481,0.925332,0.328526,5.600481,0.925332,0.328526
5.750000,5.609946,0.928559,0.327066,5.609946,0.928559,0.327066
5.760000,5.619416,0.931771,0.325605,5.619416,0.931771,0.325605
5.770000,5.628890,0.934970,0.324145,5.628890,0.934970,0.324145
5.780000,5.638370,0.938155,0.322685,5.638370,0.938155,0.322685
5.790000,5.647854,0.941326,0.321225,5.647854,0.941326,0.321225
5.800000,5.657342,0.944483,0.319765,5.657342,0.944483,0.319765
5.810000,5.666835,0.947627,0.318305,5.666835,0.947627,0.318305
5.820000,5.676333,0.950757,0.316845,5.676333,0.950757,0.316845
5.830000,5.685835,0.953872,0.315385,5.685835,0.953872,0.315385
5.840000,5.695342,0.956974,0.313925,5.695342,0.956974,0.313925
5.850000,5.704853,0.960062,0.312464,5.704853,0.960062,0.312464
5.860000,5.714369,0.963136,0.311004,5.714369,0.963136,0.311004
5.870000,5.723889,0.966196,0.309544,5.723889,0.966196,0.309544
5.880000,5.733414,0.969242,0.308084,5.733414,0.969242,0.308084
5.890000,5.742943,0.972275,0.306624,5.742943,0.972275,0.306624
5.900000,5.752477,0.975293,0.305164,5.752477,0.975293,0.305164
5.910000,5.762015,0.978298,0.303704,5.762015,0.978298,0.303704
5.920000,5.771557,0.981288,0.302244,5.771557,0.981288,0.302244
5.930000,5.781104,0.984265,0.300783,5.781104,0.984265,0.300783
5.940000,5.790655,0.987228,0.299323,5.790655,0.987228,0.299323
5.950000,5.800210,0.990176,0.297863,5.800210,0.990176,0.297863
5.960000,5.809770,0.993111,0.296403,5.809770,0.993111,0.296403
5.970000,5.819334,0.996032,0.294943,5.819334,0.996032,0.294943
5.980000,5.828902,0.998939,0.293483,5.828902,0.998939,0.293483
5.990000,5.838474,1.001832,0.292023,5.838474,1.001832,0.292023
6.000000,5.848051,1.004711,0.290563,5.848051,1.004711,0.290563
6.010000,5.857632,1.007575,0.289103,5.857632,1.007575,0.289103
6.020000,5.867217,1.010426,0.287642,5.867217,1.010426,0.287642
6.030000,5.876806,1.013263,0.286182,5.876806,1.013263,0.286182
6.040000,5.886399,1.016086,0.284722,5.886399,1.016086,0.284722
6.050000,5.895997,1.018895,0.283262,5.895997,1.018895,0.283262
6.060000,5.905598,1.021690,0.281802,5.905598,1.021690,0.281802
6.070000,5.915204,1.024471,0.280342,5.915204,1.024471,0.280342
6.080000,5.924813,1.027238,0.278882,5.924813,1.027238,0.278882
6.090000,5.934427,1.029990,0.277422,5.934427,1.029990,0.277422
6.100000,5.944044,1.032729,0.275962,5.944044,1.032729,0.275962
6.110000,5.953666,1.035454,0.274501,5.953666,1.035454,0.274501
6.120000,5.963292,1.038165,0.273041,5.963292,1.038165,0.273041
6.130000,5.972921,1.040861,0.271581,5.972921,1.040861,0.271581
6.140000,5.982555,1.043544,0.270121,5.982555,1.043544,0.270121
6.150000,5.992192,1.046212,0.268661,5.992192,1.046212,0.268661
6.160000,6.001833,1.048867,0.267201,6.001833,1.048867,0.267201
6.170000,6.011479,1.051507,0.265741,6.011479,1.051507,0.265741
6.180000,6.021128,1.054133,0.264281,6.021128,1.054133,0.264281
6.190000,6.030780,1.056745,0.262821,6.030780,1.056745,0.262821
6.200000,6.040437,1.059343,0.261360,6.040437,1.059343,0.261360
6.210000,6.050097,1.061927,0.259900,6.050097,1.061927,0.259900
6.220000,6.059762,1.064497,0.258440,6.059762,1.064497,0.258440
6.230000,6.069429,1.067053,0.256980,6.069429,1.067053,0.256980
6.240000,6.079101,1.069595,0.255520,6.079101,1.069595,0.255520
6.250000,6.088776,1.072122,0.254060,6.088776,1.072122,0.254060
6.260000,6.098455,1.074635,0.252600,6.098455,1.074635,0.252600
6.270000,6.108138,1.077135,0.251140,6.108138,1.077135,0.251140
6.280000,6.117824,1.079620,0.249679,6.117824,1.079620,0.249679
6.290000,6.127514,1.082091,0.248219,6.127514,1.082091,0.248219
6.300000,6.137208,1.084547,0.246759,6.137208,1.084547,0.246759
6.310000,6.146905,1.086990,0.245299,6.146905,1.086990,0.245299
6.320000,6.156605,1.089419,0.243839,6.156605,1.089419,0.243839
6.330000,6.166310,1.091833,0.242379,6.166310,1.091833,0.242379
6.340000,6.176017,1.094233,0.240919,6.176017,1.094233,0.240919
6.350000,6.185729,1.096619,0.239459,6.185729,1.096619,0.239459
6.360000,6.195443,1.098991,0.237999,6.195443,1.098991,0.237999
6.370000,6.205161,1.101348,0.236538,6.205161,1.101348,0.236538
6.380000,6.214883,1.103692,0.235078,6.214883,1.103692,0.235078
6.390000,6.224608,1.106021,0.233618,6.224608,1.106021,0.233618
6.400000,6.234336,1.108336,0.232158,6.234336,1.108336,0.232158
6.410000,6.244068,1.110637,0.230698,6.244068,1.110637,0.230698
6.420000,6.253803,1.112923,0.229238,6.253803,1.112923,0.229238
6.430000,6.263541,1.115196,0.227778,6.263541,1.115196,0.227778
6.440000,6.273283,1.117454,0.226318,6.273283,1.117454,0.226318
6.450000,6.283028,1.119698,0.224858,6.283028,1.119698,0.224858
6.460000,6.292776,1.121927,0.223397,6.292776,1.121927,0.223397
6.470000,6.302528,1.124143,0.221937,6.302528,1.124143,0.221937
6.480000,6.312283,1.126344,0.220477,6.312283,1.126344,0.220477
6.490000,6.322041,1.128531,0.219017,6.322041,1.128531,0.219017
6.500000,6.331802,1.130704,0.217557,6.331802,1.130704,0.217557
6.510000,6.341566,1.132862,0.216097,6.341566,1.132862,0.216097
6.520000,6.351333,1.135006,0.214637,6.351333,1.135006,0.214637
6.530000,6.361104,1.137136,0.213177,6.361104,1.137136,0.213177
6.540000,6.370877,1.139252,0.211717,6.370877,1.139252,0.211717
6.550000,6.380654,1.141353,0.210256,6.380654,1.141353,0.210256
6.560000,6.390434,1.143440,0.208796,6.390434,1.143440,0.208796
6.570000,6.400217,1.145513,0.207336,6.400217,1.145513,0.207336
6.580000,6.410003,1.147572,0.205876,6.410003,1.147572,0.205876
6.590000,6.419791,1.149616,0.204416,6.419791,1.149616,0.204416
6.600000,6.429583,1.151646,0.202956,6.429583,1.151646,0.202956
6.610000,6.439378,1.153661,0.201496,6.439378,1.153661,0.201496
6.620000,6.449176,1.155663,0.200036,6.449176,1.155663,0.200036
6.630000,6.458976,1.157650,0.198576,6.458976,1.157650,0.198576
6.640000,6.468780,1.159623,0.197115,6.468780,1.159623,0.197115
6.650000,6.478586,1.161581,0.195655,6.478586,1.161581,0.195655
6.660000,6.488395,1.163525,0.194195,6.488395,1.163525,0.194195
6.670000,6.498207,1.165455,0.192735,6.498207,1.165455,0.192735
6.680000,6.508022,1.167370,0.191275,6.508022,1.167370,0.191275
6.690000,6.517840,1.169271,0.189815,6.517840,1.169271,0.189815
6.700000,6.527660,1.171158,0.188355,6.527660,1.171158,0.188355
6.710000,6.537483,1.173031,0.186895,6.537483,1.173031,0.186895
6.720000,6.547309,1.174889,0.185434,6.547309,1.174889,0.185434
6.730000,6.557138,1.176732,0.183974,6.557138,1.176732,0.183974
6.740000,6.566969,1.178562,0.182514,6.566969,1.178562,0.182514
6.750000,6.576803,1.180377,0.181054,6.576803,1.180377,0.181054
6.760000,6.586639,1.182178,0.179594,6.586639,1.182178,0.179594
6.770000,6.596479,1.183964,0.178134,6.596479,1.183964,0.178134
6.780000,6.606320,1.185736,0.176674,6.606320,1.185736,0.176674
6.790000,6.616165,1.187493,0.175214,6.616165,1.187493,0.175214
6.800000,6.626012,1.189237,0.173754,6.626012,1.189237,0.173754
6.810000,6.635861,1.190965,0.172293,6.635861,1.190965,0.172293
6.820000,6.645713,1.192680,0.170833,6.645713,1.192680,0.170833
6.830000,6.655567,1.194380,0.169373,6.655567,1.194380,0.169373
6.840000,6.665424,1.196065,0.167913,6.665424,1.196065,0.167913
6.850000,6.675284,1.197737,0.166453,6.675284,1.197737,0.166453
6.860000,6.685145,1.199394,0.164993,6.685145,1.199394,0.164993
6.870000,6.695010,1.201036,0.163533,6.695010,1.201036,0.163533
6.880000,6.704876,1.202664,0.162073,6.704876,1.202664,0.162073
6.890000,6.714745,1.204278,0.160613,6.714745,1.204278,0.160613
6.900000,6.724616,1.205877,0.159152,6.724616,1.205877,0.159152
6.910000,6.734490,1.207462,0.157692,6.734490,1.207462,0.157692
6.920000,6.744366,1.209032,0.156232,6.744366,1.209032,0.156232
6.930000,6.754244,1.210588,0.154772,6.754244,1.210588,0.154772
6.940000,6.764125,1.212130,0.153312,6.764125,1.212130,0.153312
6.950000,6.774007,1.213657,0.151852,6.774007,1.213657,0.151852
6.960000,6.783892,1.215169,0.150392,6.783892,1.215169,0.150392
6.970000,6.793779,1.216668,0.148932,6.793779,1.216668,0.148932
6.980000,6.803669,1.218152,0.147472,6.803669,1.218152,0.147472
6.990000,6.813560,1.219621,0.146011,6.813560,1.219621,0.146011
7.000000,6.823454,1.221076,0.144551,6.823454,1.221076,0.144551
7.010000,6.833350,1.222516,0.143091,6.833350,1.222516,0.143091
7.020000,6.843247,1.223942,0.141631,6.843247,1.223942,0.141631
7.030000,6.853147,1.225354,0.140171,6.853147,1.225354,0.140171
7.040000,6.863049,1.226751,0.138711,6.863049,1.226751,0.138711
7.050000,6.872953,1.228134,0.137251,6.872953,1.228134,0.137251
7.060000,6.882859,1.229502,0.135791,6.882859,1.229502,0.135791
7.070000,6.892767,1.230856,0.134330,6.892767,1.230856,0.134330
7.080000,6.902677,1.232195,0.132870,6.902677,1.232195,0.132870
7.090000,6.912589,1.233520,0.131410,6.912589,1.233520,0.131410
7.100000,6.922503,1.234830,0.129950,6.922503,1.234830,0.129950
7.110000,6.932418,1.236126,0.128490,6.932418,1.236126,0.128490
7.120000,6.942336,1.237407,0.127030,6.942336,1.237407,0.127030
7.130000,6.952255,1.238674,0.125570,6.952255,1.238674,0.125570
7.140000,6.962176,1.239927,0.124110,6.962176,1.239927,0.124110
7.150000,6.972100,1.241164,0.122650,6.972100,1.241164,0.122650
7.160000,6.982024,1.242388,0.121189,6.982024,1.242388,0.121189
7.170000,6.991951,1.243597,0.119729,6.991951,1.243597,0.119729
7.180000,7.001879,1.244791,0.118269,7.001879,1.244791,0.118269
7.190000,7.011810,1.245971,0.116809,7.011810,1.245971,0.116809
7.200000,7.021741,1.247137,0.115349,7.021741,1.247137,0.115349
7.210000,7.031675,1.248288,0.113889,7.031675,1.248288,0.113889
7.220000,7.041610,1.249424,0.112429,7.041610,1.249424,0.112429
7.230000,7.051547,1.250546,0.110969,7.051547,1.250546,0.110969
7.240000,7.061486,1.251653,0.109509,7.061486,1.251653,0.109509
7.250000,7.071426,1.252746,0.108048,7.071426,1.252746,0.108048
7.260000,7.081367,1.253825,0.106588,7.081367,1.253825,0.106588
7.270000,7.091311,1.254888,0.105128,7.091311,1.254888,0.105128
7.280000,7.101255,1.255938,0.103668,7.101255,1.255938,0.103668
7.290000,7.111202,1.256973,0.102208,7.111202,1.256973,0.102208
7.300000,7.121150,1.257993,0.100748,7.121150,1.257993,0.100748
7.310000,7.131099,1.258999,0.099288,7.131099,1.258999,0.099288
7.320000,7.141050,1.259990,0.097828,7.141050,1.259990,0.097828
7.330000,7.151002,1.260967,0.096368,7.151002,1.260967,0.096368
7.340000,7.160955,1.261929,0.094907,7.160955,1.261929,0.094907
7.350000,7.170910,1.262877,0.093447,7.170910,1.262877,0.093447
7.360000,7.180867,1.263810,0.091987,7.180867,1.263810,0.091987
7.370000,7.190824,1.264728,0.090527,7.190824,1.264728,0.090527
7.380000,7.200784,1.265632,0.089067,7.200784,1.265632,0.089067
7.390000,7.210744,1.266522,0.087607,7.210744,1.266522,0.087607
7.400000,7.220706,1.267397,0.086147,7.220706,1.267397,0.086147
7.410000,7.230668,1.268257,0.084687,7.230668,1.268257,0.084687
7.420000,7.240633,1.269103,0.083226,7.240633,1.269103,0.083226
7.430000,7.250598,1.269934,0.081766,7.250598,1.269934,0.081766
7.440000,7.260565,1.270751,0.080306,7.260565,1.270751,0.080306
7.450000,7.270532,1.271553,0.078846,7.270532,1.271553,0.078846
7.460000,7.280501,1.272341,0.077386,7.280501,1.272341,0.077386
7.470000,7.290471,1.273114,0.075926,7.290471,1.273114,0.075926
7.480000,7.300443,1.273872,0.074466,7.300443,1.273872,0.074466
7.490000,7.310415,1.274616,0.073006,7.310415,1.274616,0.073006
7.500000,7.320388,1.275346,0.071546,7.320388,1.275346,0.071546
7.510000,7.330363,1.276061,0.070085,7.330363,1.276061,0.070085
7.520000,7.340338,1.276761,0.068625,7.340338,1.276761,0.068625
7.530000,7.350315,1.277447,0.067165,7.350315,1.277447,0.067165
7.540000,7.360292,1.278118,0.065705,7.360292,1.278118,0.065705
7.550000,7.370270,1.278774,0.064245,7.370270,1.278774,0.064245
7.560000,7.380250,1.279416,0.062785,7.380250,1.279416,0.062785
7.570000,7.390230,1.280044,0.061325,7.390230,1.280044,0.061325
7.580000,7.400211,1.280657,0.059865,7.400211,1.280657,0.059865
7.590000,7.410193,1.281255,0.058405,7.410193,1.281255,0.058405
7.600000,7.420176,1.281839,0.056944,7.420176,1.281839,0.056944
7.610000,7.430160,1.282408,0.055484,7.430160,1.282408,0.055484
7.620000,7.440145,1.282962,0.054024,7.440145,1.282962,0.054024
7.630000,7.450130,1.283502,0.052564,7.450130,1.283502,0.052564
7.640000,7.460116,1.284028,0.051104,7.460116,1.284028,0.051104
7.650000,7.470103,1.284539,0.049644,7.470103,1.284539,0.049644
7.660000,7.480091,1.285035,0.048184,7.480091,1.285035,0.048184
7.670000,7.490079,1.285516,0.046724,7.490079,1.285516,0.046724
7.680000,7.500068,1.285984,0.045264,7.500068,1.285984,0.045264
7.690000,7.510058,1.286436,0.043803,7.510058,1.286436,0.043803
7.700000,7.520049,1.286874,0.042343,7.520049,1.286874,0.042343
7.710000,7.530040,1.287297,0.040883,7.530040,1.287297,0.040883
7.720000,7.540031,1.287706,0.039423,7.540031,1.287706,0.039423
7.730000,7.550024,1.288100,0.037963,7.550024,1.288100,0.037963
7.740000,7.560016,1.288480,0.036503,7.560016,1.288480,0.036503
7.750000,7.570010,1.288845,0.035043,7.570010,1.288845,0.035043
7.760000,7.580003,1.289195,0.033583,7.580003,1.289195,0.033583
7.770000,7.589998,1.289531,0.032123,7.589998,1.289531,0.032123
7.780000,7.599993,1.289852,0.030662,7.599993,1.289852,0.030662
7.790000,7.609988,1.290158,0.029202,7.609988,1.290158,0.029202
7.800000,7.619984,1.290450,0.027742,7.619984,1.290450,0.027742
7.810000,7.629980,1.290728,0.026282,7.629980,1.290728,0.026282
7.820000,7.639976,1.290991,0.024822,7.639976,1.290991,0.024822
7.830000,7.649973,1.291239,0.023362,7.649973,1.291239,0.023362
7.840000,7.659971,1.291472,0.021902,7.659971,1.291472,0.021902
7.850000,7.669968,1.291691,0.020442,7.669968,1.291691,0.020442
7.860000,7.679966,1.291896,0.018981,7.679966,1.291896,0.018981
7.870000,7.689964,1.292086,0.017521,7.689964,1.292086,0.017521
7.880000,7.699963,1.292261,0.016061,7.699963,1.292261,0.016061
7.890000,7.709962,1.292421,0.014601,7.709962,1.292421,0.014601
7.900000,7.719960,1.292567,0.013141,7.719960,1.292567,0.013141
7.910000,7.729960,1.292699,0.011681,7.729960,1.292699,0.011681
7.920000,7.739959,1.292816,0.010221,7.739959,1.292816,0.010221
7.930000,7.749958,1.292918,0.008761,7.749958,1.292918,0.008761
7.940000,7.759958,1.293005,0.007301,7.759958,1.293005,0.007301
7.950000,7.769958,1.293078,0.005840,7.769958,1.293078,0.005840
7.960000,7.779958,1.293137,0.004380,7.779958,1.293137,0.004380
7.970000,7.789957,1.293181,0.002920,7.789957,1.293181,0.002920
7.980000,7.799957,1.293210,0.001460,7.799957,1.293210,0.001460
7.990000,7.809957,1.293224,0.000000,7.809957,1.293224,0.000000
8.000000,7.819957,1.293224,0.000000,7.819957,1.293224,0.000000
8.010000,7.829957,1.293224,0.000000,7.829957,1.293224,0.000000
8.020000,7.839957,1.293224,0.000000,7.839957,1.293224,0.000000
8.030000,7.849957,1.293224,0.000000,7.849957,1.293224,0.000000
8.040000,7.859957,1.293224,0.000000,7.859957,1.293224,0.000000
8.050000,7.869957,1.293224,0.000000,7.869957,1.293224,0.000000
8.060000,7.879957,1.293224,0.000000,7.879957,1.293224,0.000000
8.070000,7.889957,1.293224,0.000000,7.889957,1.293224,0.000000
8.080000,7.899957,1.293224,0.000000,7.899957,1.293224,0.000000
8.090000,7.909957,1.293224,0.000000,7.909957,1.293224,0.000000
8.100000,7.919957,1.293224,0.000000,7.919957,1.293224,0.000000
8.110000,7.929957,1.293224,0.000000,7.929957,1.293224,0.000000
8.120000,7.939957,1.293224,0.000000,7.939957,1.293224,0.000000
8.130000,7.949957,1.293224,0.000000,7.949957,1.293224,0.000000
8.140000,7.959957,1.293224,0.000000,7.959957,1.293224,0.000000
8.150000,7.969957,1.293224,0.000000,7.969957,1.293224,0.000000
8.160000,7.979957,1.293224,0.000000,7.979957,1.293224,0.000000
8.170000,7.989957,1.293224,0.000000,7.989957,1.293224,0.000000
8.180000,7.999957,1.293224,0.000000,7.999957,1.293224,0.000000
8.190000,8.009957,1.293224,0.000000,8.009957,1.293224,0.000000
8.200000,8.019957,1.293224,0.000000,8.019957,1.293224,0.000000
8.210000,8.029957,1.293224,0.000000,8.029957,1.293224,0.000000
8.220000,8.039957,1.293224,0.000000,8.039957,1.293224,0.000000
8.230000,8.049957,1.293224,0.000000,8.049957,1.293224,0.000000
8.240000,8.059957,1.293224,0.000000,8.059957,1.293224,0.000000
8.250000,8.069957,1.293224,0.000000,8.069957,1.293224,0.000000
8.260000,8.079957,1.293224,0.000000,8.079957,1.293224,0.000000
8.270000,8.089957,1.293224,0.000000,8.089957,1.293224,0.000000
8.280000,8.099957,1.293224,0.000000,8.099957,1.293224,0.000000
8.290000,8.109957,1.293224,0.000000,8.109957,1.293224,0.000000
8.300000,8.119957,1.293224,0.000000,8.119957,1.293224,0.000000
8.310000,8.129957,1.293224,0.000000,8.129957,1.293224,0.000000
8.320000,8.139957,1.293224,0.000000,8.139957,1.293224,0.000000
8.330000,8.149957,1.293224,0.000000,8.149957,1.293224,0.000000
8.340000,8.159957,1.293224,0.000000,8.159957,1.293224,0.000000
8.350000,8.169957,1.293224,0.000000,8.169957,1.293224,0.000000
8.360000,8.179957,1.293224,0.000000,8.179957,1.293224,0.000000
8.370000,8.189957,1.293224,0.000000,8.189957,1.293224,0.000000
8.380000,8.199957,1.293224,0.000000,8.199957,1.293224,0.000000
8.390000,8.209957,1.293224,0.000000,8.209957,1.293224,0.000000
8.400000,8.219957,1.293224,0.000000,8.219957,1.293224,0.000000
8.410000,8.229957,1.293224,0.000000,8.229957,1.293224,0.000000
8.420000,8.239957,1.293224,0.000000,8.239957,1.293224,0.000000
8.430000,8.249957,1.293224,0.000000,8.249957,1.293224,0.000000
8.440000,8.259957,1.293224,0.000000,8.259957,1.293224,0.000000
8.450000,8.269957,1.293224,0.000000,8.269957,1.293224,0.000000
8.460000,8.279957,1.293224,0.000000,8.279957,1.293224,0.000000
8.470000,8.289957,1.293224,0.000000,8.289957,1.293224,0.000000
8.480000,8.299957,1.293224,0.000000,8.299957,1.293224,0.000000
8.490000,8.309957,1.293224,0.000000,8.309957,1.293224,0.000000
8.500000,8.319957,1.293224,0.000000,8.319957,1.293224,0.000000
8.510000,8.329957,1.293224,0.000000,8.329957,1.293224,0.000000
8.520000,8.339957,1.293224,0.000000,8.339957,1.293224,0.000000
8.530000,8.349957,1.293224,0.000000,8.349957,1.293224,0.000000
8.540000,8.359957,1.293224,0.000000,8.359957,1.293224,0.000000
8.550000,8.369957,1.293224,0.000000,8.369957,1.293224,0.000000
8.560000,8.379957,1.293224,0.000000,8.379957,1.293224,0.000000
8.570000,8.389957,1.293224,0.000000,8.389957,1.293224,0.000000
8.580000,8.399957,1.293224,0.000000,8.399957,1.293224,0.000000
8.590000,8.409957,1.293224,0.000000,8.409957,1.293224,0.000000
8.600000,8.419957,1.293224,0.000000,8.419957,1.293224,0.000000
8.610000,8.429957,1.293224,0.000000,8.429957,1.293224,0.000000
8.620000,8.439957,1.293224,0.000000,8.439957,1.293224,0.000000
8.630000,8.449957,1.293224,0.000000,8.449957,1.293224,0.000000
8.640000,8.459957,1.293224,0.000000,8.459957,1.293224,0.000000
8.650000,8.469957,1.293224,0.000000,8.469957,1.293224,0.000000
8.660000,8.479957,1.293224,0.000000,8.479957,1.293224,0.000000
8.670000,8.489957,1.293224,0.000000,8.489957,1.293224,0.000000
8.680000,8.499957,1.293224,0.000000,8.499957,1.293224,0.000000
8.690000,8.509957,1.293224,0.000000,8.509957,1.293224,0.000000
8.700000,8.519957,1.293224,0.000000,8.519957,1.293224,0.000000
8.710000,8.529957,1.293224,0.000000,8.529957,1.293224,0.000000
8.720000,8.539957,1.293224,0.000000,8.539957,1.293224,0.000000
8.730000,8.549957,1.293224,0.000000,8.549957,1.293224,0.000000
8.740000,8.559957,1.293224,0.000000,8.559957,1.293224,0.000000
8.750000,8.569957,1.293224,0.000000,8.569957,1.293224,0.000000
8.760000,8.579957,1.293224,0.000000,8.579957,1.293224,0.000000
8.770000,8.589957,1.293224,0.000000,8.589957,1.293224,0.000000
8.780000,8.599957,1.293224,0.000000,8.599957,1.293224,0.000000
8.790000,8.609957,1.293224,0.000000,8.609957,1.293224,0.000000
8.800000,8.619957,1.293224,0.000000,8.619957,1.293224,0.000000
8.810000,8.629957,1.293224,0.000000,8.629957,1.293224,0.000000
8.820000,8.639957,1.293224,0.000000,8.639957,1.293224,0.000000
8.830000,8.649957,1.293224,0.000000,8.649957,1.293224,0.000000
8.840000,8.659957,1.293224,0.000000,8.659957,1.293224,0.000000
8.850000,8.669957,1.293224,0.000000,8.669957,1.293224,0.000000
8.860000,8.679957,1.293224,0.000000,8.679957,1.293224,0.000000
8.870000,8.689957,1.293224,0.000000,8.689957,1.293224,0.000000
8.880000,8.699957,1.293224,0.000000,8.699957,1.293224,0.000000
8.890000,8.709957,1.293224,0.000000,8.709957,1.293224,0.000000
8.900000,8.719957,1.293224,0.000000,8.719957,1.293224,0.000000
8.910000,8.729957,1.293224,0.000000,8.729957,1.293224,0.000000
8.920000,8.739957,1.293224,0.000000,8.739957,1.293224,0.000000
8.930000,8.749957,1.293224,0.000000,8.749957,1.293224,0.000000
8.940000,8.759957,1.293224,0.000000,8.759957,1.293224,0.000000
8.950000,8.769957,1.293224,0.000000,8.769957,1.293224,0.000000
8.960000,8.779957,1.293224,0.000000,8.779957,1.293224,0.000000
8.970000,8.789957,1.293224,0.000000,8.789957,1.293224,0.000000
8.980000,8.799957,1.293224,0.000000,8.799957,1.293224,0.000000
8.990000,8.809957,1.293224,0.000000,8.809957,1.293224,0.000000
9.000000,8.819957,1.293224,0.000000,8.819957,1.293224,0.000000
9.010000,8.829957,1.293224,0.000000,8.829957,1.293224,0.000000
9.020000,8.839957,1.293224,0.000000,8.839957,1.293224,0.000000
9.030000,8.849957,1.293224,0.000000,8.849957,1.293224,0.000000
9.040000,8.859957,1.293224,0.000000,8.859957,1.293224,0.000000
9.050000,8.869957,1.293224,0.000000,8.869957,1.293224,0.000000
9.060000,8.879957,1.293224,0.000000,8.879957,1.293224,0.000000
9.070000,8.889957,1.293224,0.000000,8.889957,1.293224,0.000000
9.080000,8.899957,1.293224,0.000000,8.899957,1.293224,0.000000
9.090000,8.909957,1.293224,0.000000,8.909957,1.293224,0.000000
9.100000,8.919957,1.293224,0.000000,8.919957,1.293224,0.000000
9.110000,8.929957,1.293224,0.000000,8.929957,1.293224,0.000000
9.120000,8.939957,1.293224,0.000000,8.939957,1.293224,0.000000
9.130000,8.949957,1.293224,0.000000,8.949957,1.293224,0.000000
9.140000,8.959957,1.293224,0.000000,8.959957,1.293224,0.000000
9.150000,8.969957,1.293224,0.000000,8.969957,1.293224,0.000000
9.160000,8.979957,1.293224,0.000000,8.979957,1.293224,0.000000
9.170000,8.989957,1.293224,0.000000,8.989957,1.293224,0.000000
9.180000,8.999957,1.293224,0.000000,8.999957,1.293224,0.000000
9.190000,9.009957,1.293224,0.000000,9.009957,1.293224,0.000000
9.200000,9.019957,1.293224,0.000000,9.019957,1.293224,0.000000
9.210000,9.029957,1.293224,0.000000,9.029957,1.293224,0.000000
9.220000,9.039957,1.293224,0.000000,9.039957,1.293224,0.000000
9.230000,9.049957,1.293224,0.000000,9.049957,1.293224,0.000000
9.240000,9.059957,1.293224,0.000000,9.059957,1.293224,0.000000
9.250000,9.069957,1.293224,0.000000,9.069957,1.293224,0.000000
9.260000,9.079957,1.293224,0.000000,9.079957,1.293224,0.000000
9.270000,9.089957,1.293224,0.000000,9.089957,1.293224,0.000000
9.280000,9.099957,1.293224,0.000000,9.099957,1.293224,0.000000
9.290000,9.109957,1.293224,0.000000,9.109957,1.293224,0.000000
9.300000,9.119957,1.293224,0.000000,9.119957,1.293224,0.000000
9.310000,9.129957,1.293224,0.000000,9.129957,1.293224,0.000000
9.320000,9.139957,1.293224,0.000000,9.139957,1.293224,0.000000
9.330000,9.149957,1.293224,0.000000,9.149957,1.293224,0.000000
9.340000,9.159957,1.293224,0.000000,9.159957,1.293224,0.000000
9.350000,9.169957,1.293224,0.000000,9.169957,1.293224,0.000000
9.360000,9.179957,1.293224,0.000000,9.179957,1.293224,0.000000
9.370000,9.189957,1.293224,0.000000,9.189957,1.293224,0.000000
9.380000,9.199957,1.293224,0.000000,9.199957,1.293224,0.000000
9.390000,9.209957,1.293224,0.000000,9.209957,1.293224,0.000000
9.400000,9.219957,1.293224,0.000000,9.219957,1.293224,0.000000
9.410000,9.229957,1.293224,0.000000,9.229957,1.293224,0.000000
9.420000,9.239957,1.293224,0.000000,9.239957,1.293224,0.000000
9.430000,9.249957,1.293224,0.000000,9.249957,1.293224,0.000000
9.440000,9.259957,1.293224,0.000000,9.259957,1.293224,0.000000
9.450000,9.269957,1.293224,0.000000,9.269957,1.293224,0.000000
9.460000,9.279957,1.293224,0.000000,9.279957,1.293224,0.000000
9.470000,9.289957,1.293224,0.000000,9.289957,1.293224,0.000000
9.480000,9.299957,1.293224,0.000000,9.299957,1.293224,0.000000
9.490000,9.309957,1.293224,0.000000,9.309957,1.293224,0.000000
9.500000,9.319957,1.293224,0.000000,9.319957,1.293224,0.000000
9.510000,9.329957,1.293224,0.000000,9.329957,1.293224,0.000000
9.520000,9.339957,1.293224,0.000000,9.339957,1.293224,0.000000
9.530000,9.349957,1.293224,0.000000,9.349957,1.293224,0.000000
9.540000,9.359957,1.293224,0.000000,9.359957,1.293224,0.000000
9.550000,9.369957,1.293224,0.000000,9.369957,1.293224,0.000000
9.560000,9.379957,1.293224,0.000000,9.379957,1.293224,0.000000
9.570000,9.389957,1.293224,0.000000,9.389957,1.293224,0.000000
9.580000,9.399957,1.293224,0.000000,9.399957,1.293224,0.000000
9.590000,9.409957,1.293224,0.000000,9.409957,1.293224,0.000000
9.600000,9.419957,1.293224,0.000000,9.419957,1.293224,0.000000
9.610000,9.429957,1.293224,0.000000,9.429957,1.293224,0.000000
9.620000,9.439957,1.293224,0.000000,9.439957,1.293224,0.000000
9.630000,9.449957,1.293224,0.000000,9.449957,1.293224,0.000000
9.640000,9.459957,1.293224,0.000000,9.459957,1.293224,0.000000
9.650000,9.469957,1.293224,0.000000,9.469957,1.293224,0.000000
9.660000,9.479957,1.293224,0.000000,9.479957,1.293224,0.000000
9.670000,9.489957,1.293224,0.000000,9.489957,1.293224,0.000000
9.680000,9.499957,1.293224,0.000000,9.499957,1.293224,0.000000
9.690000,9.509957,1.293224,0.000000,9.509957,1.293224,0.000000
9.700000,9.519957,1.293224,0.000000,9.519957,1.293224,0.000000
9.710000,9.529957,1.293224,0.000000,9.529957,1.293224,0.000000
9.720000,9.539957,1.293224,0.000000,9.539957,1.293224,0.000000
9.730000,9.549957,1.293224,0.000000,9.549957,1.293224,0.000000
9.740000,9.559957,1.293224,0.000000,9.559957,1.293224,0.000000
9.750000,9.569957,1.293224,0.000000,9.569957,1.293224,0.000000
9.760000,9.579957,1.293224,0.000000,9.579957,1.293224,0.000000
9.770000,9.589957,1.293224,0.000000,9.589957,1.293224,0.000000
9.780000,9.599957,1.293224,0.000000,9.599957,1.293224,0.000000
9.790000,9.609957,1.293224,0.000000,9.609957,1.293224,0.000000
9.800000,9.619957,1.293224,0.000000,9.619957,1.293224,0.000000
9.810000,9.629957,1.293224,0.000000,9.629957,1.293224,0.000000
9.820000,9.639957,1.293224,0.000000,9.639957,1.293224,0.000000
9.830000,9.649957,1.293224,0.000000,9.649957,1.293224,0.000000
9.840000,9.659957,1.293224,0.000000,9.659957,1.293224,0.000000
9.850000,9.669957,1.293224,0.000000,9.669957,1.293224,0.000000
9.860000,9.679957,1.293224,0.000000,9.679957,1.293224,0.000000
9.870000,9.689957,1.293224,0.000000,9.689957,1.293224,0.000000
9.880000,9.699957,1.293224,0.000000,9.699957,1.293224,0.000000
9.890000,9.709957,1.293224,0.000000,9.709957,1.293224,0.000000
9.900000,9.719957,1.293224,0.000000,9.719957,1.293224,0.000000
9.910000,9.729957,1.293224,0.000000,9.729957,1.293224,0.000000
9.920000,9.739957,1.293224,0.000000,9.739957,1.293224,0.000000
9.930000,9.749957,1.293224,0.000000,9.749957,1.293224,0.000000
9.940000,9.759957,1.293224,0.000000,9.759957,1.293224,0.000000
9.950000,9.769957,1.293224,0.000000,9.769957,1.293224,0.000000
9.960000,9.779957,1.293224,0.000000,9.779957,1.293224,0.000000
9.970000,9.789957,1.293224,0.000000,9.789957,1.293224,0.000000
9.980000,9.799957,1.293224,0.000000,9.799957,1.293224,0.000000
9.990000,9.809957,1.293224,0.000000,9.809957,1.293224,0.000000
10.000000,9.819957,1.293224,0.000000,9.819957,1.293224,0.000000
